time,thrust (newtons)
0.0,97.86084
0.1,93.41262
0.2,93.41262
0.3,93.41262
0.4,97.86084
0.5,97.86084
0.6,97.86084
0.7,97.86084
0.8,97.86084
0.9,93.41262
1.0,91.18851
1.1,88.9644
1.2,84.51618
1.3,84.51618
1.4,22.2411
1.5,22.2411
1.6,22.2411
1.7,0
